project,class,branch_coverage
cassandra,org.apache.cassandra.auth.CassandraPrincipal,0.7999999999999999
cassandra,org.apache.cassandra.auth.DataResource,0.8400000000000001
cassandra,org.apache.cassandra.auth.JMXResource,0.9066666666666668
cassandra,org.apache.cassandra.auth.Resources,0.5
cassandra,org.apache.cassandra.auth.RoleResource,0.5999999999999999
cassandra,org.apache.cassandra.cache.KeyCacheKey,0.11111111111111112
cassandra,org.apache.cassandra.cache.RowCacheKey,0.3888888888888889
cassandra,org.apache.cassandra.cache.RowCacheSentinel,0.75
cassandra,org.apache.cassandra.concurrent.NamedThreadFactory,0.5
cassandra,org.apache.cassandra.config.ParameterizedClass,0.6666666666666667
cassandra,org.apache.cassandra.config.TransparentDataEncryptionOptions,1.0
cassandra,org.apache.cassandra.config.ViewDefinition,0.7222222222222222
cassandra,org.apache.cassandra.cql3.Attributes,0.25
cassandra,org.apache.cassandra.cql3.ColumnCondition,0.2465753424657535
cassandra,org.apache.cassandra.cql3.ColumnConditions,0.5
cassandra,org.apache.cassandra.cql3.ColumnIdentifier,0.6153846153846153
cassandra,org.apache.cassandra.cql3.ColumnSpecification,0.14999999999999994
cassandra,org.apache.cassandra.cql3.Cql_Parser,0.007795992714025502
cassandra,org.apache.cassandra.cql3.Duration,0.4615384615384616
cassandra,org.apache.cassandra.cql3.ErrorCollector,0.06666666666666668
cassandra,org.apache.cassandra.cql3.IndexName,1.0
cassandra,org.apache.cassandra.cql3.Operations,0.22222222222222227
cassandra,org.apache.cassandra.cql3.RoleName,1.0
cassandra,org.apache.cassandra.cql3.Terms,0.5
cassandra,org.apache.cassandra.cql3.UTName,0.8333333333333333
cassandra,org.apache.cassandra.cql3.UpdateParameters,0.055555555555555566
cassandra,org.apache.cassandra.cql3.VariableSpecifications,0.09090909090909093
cassandra,org.apache.cassandra.cql3.WhereClause,0.5
cassandra,org.apache.cassandra.cql3.functions.CastFcts,1.0
cassandra,org.apache.cassandra.cql3.functions.FromJsonFct,0.08333333333333334
cassandra,org.apache.cassandra.cql3.functions.FunctionName,0.5833333333333333
cassandra,org.apache.cassandra.cql3.functions.ThreadAwareSecurityManager,0.16666666666666669
cassandra,org.apache.cassandra.cql3.functions.ToJsonFct,0.08333333333333334
cassandra,org.apache.cassandra.cql3.restrictions.IndexRestrictions,1.0
cassandra,org.apache.cassandra.cql3.statements.AlterKeyspaceStatement,0.07142857142857141
cassandra,org.apache.cassandra.cql3.statements.AlterTableStatement,0.009009009009009007
cassandra,org.apache.cassandra.cql3.statements.CQL3CasRequest,0.016129032258064512
cassandra,org.apache.cassandra.cql3.statements.CreateAggregateStatement,0.013513513513513514
cassandra,org.apache.cassandra.cql3.statements.CreateFunctionStatement,0.023809523809523808
cassandra,org.apache.cassandra.cql3.statements.CreateKeyspaceStatement,0.1
cassandra,org.apache.cassandra.cql3.statements.CreateTypeStatement,0.0625
cassandra,org.apache.cassandra.cql3.statements.DropFunctionStatement,0.17391304347826084
cassandra,org.apache.cassandra.cql3.statements.DropKeyspaceStatement,0.5
cassandra,org.apache.cassandra.cql3.statements.RequestValidations,0.6875
cassandra,org.apache.cassandra.db.ClusteringBound,0.5
cassandra,org.apache.cassandra.db.ClusteringBoundary,0.33333333333333337
cassandra,org.apache.cassandra.db.ClusteringComparator,0.40909090909090906
cassandra,org.apache.cassandra.db.ColumnIndex,0.01724137931034483
cassandra,org.apache.cassandra.db.DataRange,0.027777777777777783
cassandra,org.apache.cassandra.db.DeletionTime,0.9615384615384616
cassandra,org.apache.cassandra.db.LivenessInfo,0.9444444444444444
cassandra,org.apache.cassandra.db.MutableDeletionInfo,0.4583333333333333
cassandra,org.apache.cassandra.db.NativeClustering,0.125
cassandra,org.apache.cassandra.db.RangeTombstoneList,0.16315789473684214
cassandra,org.apache.cassandra.db.ReadExecutionController,0.14705882352941174
cassandra,org.apache.cassandra.db.RowIndexEntry,0.75
cassandra,org.apache.cassandra.db.Slice,0.14754098360655735
cassandra,org.apache.cassandra.db.TypeSizes,0.4285714285714285
cassandra,org.apache.cassandra.db.aggregation.GroupingState,0.5
cassandra,org.apache.cassandra.db.commitlog.CommitLogDescriptor,0.3387096774193549
cassandra,org.apache.cassandra.db.commitlog.CommitLogPosition,0.75
cassandra,org.apache.cassandra.db.commitlog.IntervalSet,1.0
cassandra,org.apache.cassandra.db.commitlog.SimpleCachedBufferPool,0.7000000000000001
cassandra,org.apache.cassandra.db.compaction.CompactionInfo,0.4166666666666666
cassandra,org.apache.cassandra.db.compaction.CompactionIterator,0.14999999999999994
cassandra,org.apache.cassandra.db.compaction.Scrubber,0.007042253521126761
cassandra,org.apache.cassandra.db.compaction.Verifier,0.019230769230769232
cassandra,org.apache.cassandra.db.filter.ClusteringIndexNamesFilter,0.09523809523809523
cassandra,org.apache.cassandra.db.filter.ClusteringIndexSliceFilter,0.038461538461538464
cassandra,org.apache.cassandra.db.filter.ColumnFilter,0.01282051282051282
cassandra,org.apache.cassandra.db.marshal.TypeParser,0.2739726027397261
cassandra,org.apache.cassandra.db.partitions.SingletonUnfilteredPartitionIterator,1.0
cassandra,org.apache.cassandra.db.rows.BTreeRow,0.027027027027027032
cassandra,org.apache.cassandra.db.rows.EncodingStats,0.9107142857142858
cassandra,org.apache.cassandra.db.rows.NativeCell,0.03333333333333333
cassandra,org.apache.cassandra.db.rows.RangeTombstoneBoundaryMarker,0.25
cassandra,org.apache.cassandra.db.rows.RowAndDeletionMergeIterator,0.02083333333333334
cassandra,org.apache.cassandra.db.rows.UnfilteredRowIteratorWithLowerBound,0.015625
cassandra,org.apache.cassandra.db.rows.UnfilteredSerializer,0.11016949152542374
cassandra,org.apache.cassandra.db.view.TableViews,0.0410958904109589
cassandra,org.apache.cassandra.db.view.ViewUpdateGenerator,0.006802721088435373
cassandra,org.apache.cassandra.db.view.ViewUtils,0.04166666666666667
cassandra,org.apache.cassandra.dht.Bounds,0.021739130434782605
cassandra,org.apache.cassandra.dht.Range,0.007352941176470587
cassandra,org.apache.cassandra.hadoop.ColumnFamilySplit,0.3125
cassandra,org.apache.cassandra.hadoop.HadoopCompat,0.5
cassandra,org.apache.cassandra.hints.ChecksummedDataInput,0.038461538461538464
cassandra,org.apache.cassandra.hints.CompressedChecksummedDataInput,0.035714285714285705
cassandra,org.apache.cassandra.hints.EncryptedChecksummedDataInput,0.03333333333333333
cassandra,org.apache.cassandra.index.TargetParser,0.16666666666666669
cassandra,org.apache.cassandra.index.sasi.SSTableIndex,0.038461538461538464
cassandra,org.apache.cassandra.index.sasi.analyzer.NoOpAnalyzer,1.0
cassandra,org.apache.cassandra.index.sasi.plan.Operation,0.010204081632653059
cassandra,org.apache.cassandra.index.sasi.utils.MappedBuffer,0.035714285714285705
cassandra,org.apache.cassandra.index.sasi.utils.OnDiskIndexIterator,0.5
cassandra,org.apache.cassandra.io.compress.CompressedSequentialWriter,0.05
cassandra,org.apache.cassandra.io.sstable.Descriptor,0.12857142857142856
cassandra,org.apache.cassandra.io.sstable.Downsampling,0.875
cassandra,org.apache.cassandra.io.sstable.ReducingKeyIterator,0.7000000000000001
cassandra,org.apache.cassandra.io.sstable.SSTableLoader,0.023809523809523808
cassandra,org.apache.cassandra.io.sstable.SSTableRewriter,0.09523809523809523
cassandra,org.apache.cassandra.io.sstable.format.big.BigTableScanner,0.021739130434782605
cassandra,org.apache.cassandra.io.sstable.metadata.CompactionMetadata,0.8333333333333333
cassandra,org.apache.cassandra.io.sstable.metadata.StatsMetadata,0.625
cassandra,org.apache.cassandra.io.sstable.metadata.ValidationMetadata,0.9000000000000001
cassandra,org.apache.cassandra.io.util.BufferedDataOutputStreamPlus,0.015625
cassandra,org.apache.cassandra.io.util.ChecksumWriter,0.0625
cassandra,org.apache.cassandra.io.util.DataInputBuffer,0.8333333333333333
cassandra,org.apache.cassandra.io.util.DataOutputBuffer,0.4444444444444445
cassandra,org.apache.cassandra.io.util.FastByteArrayInputStream,1.0
cassandra,org.apache.cassandra.io.util.FileSegmentInputStream,0.16666666666666669
cassandra,org.apache.cassandra.io.util.LengthAvailableInputStream,0.75
cassandra,org.apache.cassandra.io.util.Memory,0.032608695652173905
cassandra,org.apache.cassandra.io.util.MmappedRegions,0.07499999999999997
cassandra,org.apache.cassandra.io.util.RandomAccessReader,0.02
cassandra,org.apache.cassandra.io.util.RewindableDataInputStreamPlus,0.3734177215189873
cassandra,org.apache.cassandra.io.util.SequentialWriter,0.04166666666666667
cassandra,org.apache.cassandra.io.util.SsdDiskOptimizationStrategy,1.0
cassandra,org.apache.cassandra.locator.DynamicEndpointSnitch,0.02272727272727273
cassandra,org.apache.cassandra.metrics.DecayingEstimatedHistogramReservoir,0.5
cassandra,org.apache.cassandra.metrics.DefaultNameFactory,1.0
cassandra,org.apache.cassandra.metrics.LatencyMetrics,0.5
cassandra,org.apache.cassandra.metrics.TableMetrics,0.029411764705882363
cassandra,org.apache.cassandra.net.CompactEndpointSerializationHelper,0.125
cassandra,org.apache.cassandra.net.MessageOut,0.1
cassandra,org.apache.cassandra.repair.RepairJobDesc,0.5799999999999998
cassandra,org.apache.cassandra.repair.messages.SnapshotMessage,0.75
cassandra,org.apache.cassandra.repair.messages.ValidationRequest,0.875
cassandra,org.apache.cassandra.schema.Functions,0.22222222222222227
cassandra,org.apache.cassandra.schema.Indexes,0.4285714285714285
cassandra,org.apache.cassandra.schema.Keyspaces,0.6666666666666667
cassandra,org.apache.cassandra.schema.ReplicationParams,0.055555555555555566
cassandra,org.apache.cassandra.schema.SpeculativeRetryParam,1.0
cassandra,org.apache.cassandra.schema.Tables,0.4
cassandra,org.apache.cassandra.schema.Triggers,0.4
cassandra,org.apache.cassandra.schema.Types,0.375
cassandra,org.apache.cassandra.schema.Views,0.4
cassandra,org.apache.cassandra.security.CipherFactory,0.05
cassandra,org.apache.cassandra.security.EncryptionUtils,0.33333333333333337
cassandra,org.apache.cassandra.serializers.AsciiSerializer,0.75
cassandra,org.apache.cassandra.serializers.BooleanSerializer,0.625
cassandra,org.apache.cassandra.serializers.ByteSerializer,0.5999999999999999
cassandra,org.apache.cassandra.serializers.BytesSerializer,0.5
cassandra,org.apache.cassandra.serializers.DecimalSerializer,0.5
cassandra,org.apache.cassandra.serializers.DoubleSerializer,0.4
cassandra,org.apache.cassandra.serializers.DurationSerializer,0.09090909090909093
cassandra,org.apache.cassandra.serializers.EmptySerializer,0.5
cassandra,org.apache.cassandra.serializers.FloatSerializer,0.4
cassandra,org.apache.cassandra.serializers.InetAddressSerializer,0.5
cassandra,org.apache.cassandra.serializers.Int32Serializer,0.4
cassandra,org.apache.cassandra.serializers.IntegerSerializer,0.5
cassandra,org.apache.cassandra.serializers.LongSerializer,0.4
cassandra,org.apache.cassandra.serializers.ShortSerializer,0.5
cassandra,org.apache.cassandra.serializers.SimpleDateSerializer,0.35000000000000003
cassandra,org.apache.cassandra.serializers.TimeSerializer,0.4482758620689654
cassandra,org.apache.cassandra.serializers.TimeUUIDSerializer,0.25
cassandra,org.apache.cassandra.serializers.TimestampSerializer,0.5499999999999999
cassandra,org.apache.cassandra.serializers.UTF8Serializer,1.0
cassandra,org.apache.cassandra.serializers.UUIDSerializer,0.5
cassandra,org.apache.cassandra.service.QueryState,0.1
cassandra,org.apache.cassandra.service.pager.PagingState,0.234375
cassandra,org.apache.cassandra.service.paxos.Commit,0.13636363636363633
cassandra,org.apache.cassandra.service.paxos.PrepareResponse,0.29999999999999993
cassandra,org.apache.cassandra.streaming.ProgressInfo,0.6666666666666667
cassandra,org.apache.cassandra.streaming.SessionInfo,0.375
cassandra,org.apache.cassandra.streaming.StreamSummary,0.6666666666666667
cassandra,org.apache.cassandra.streaming.StreamTransferTask,0.375
cassandra,org.apache.cassandra.streaming.compress.CompressionInfo,0.125
cassandra,org.apache.cassandra.streaming.management.SessionInfoCompositeData,0.2
cassandra,org.apache.cassandra.streaming.management.StreamStateCompositeData,0.16666666666666669
cassandra,org.apache.cassandra.streaming.messages.FileMessageHeader,0.5
cassandra,org.apache.cassandra.streaming.messages.PrepareMessage,0.5
cassandra,org.apache.cassandra.tools.BulkLoadConnectionFactory,0.1
cassandra,org.apache.cassandra.tools.nodetool.formatter.TableBuilder,0.7000000000000001
cassandra,org.apache.cassandra.tools.nodetool.stats.CompactionHistoryPrinter,0.2
cassandra,org.apache.cassandra.tools.nodetool.stats.StatsKeyspace,0.5
cassandra,org.apache.cassandra.tools.nodetool.stats.TableStatsPrinter,0.2
cassandra,org.apache.cassandra.tools.nodetool.stats.TpStatsPrinter,0.2
cassandra,org.apache.cassandra.transport.ServerConnection,0.02272727272727273
cassandra,org.apache.cassandra.utils.BiMultiValMap,0.16666666666666669
cassandra,org.apache.cassandra.utils.BloomCalculations,0.5588235294117646
cassandra,org.apache.cassandra.utils.CassandraVersion,0.0125
cassandra,org.apache.cassandra.utils.CoalescingStrategies,0.09375
cassandra,org.apache.cassandra.utils.ConcurrentBiMap,0.25
cassandra,org.apache.cassandra.utils.DirectorySizeCalculator,0.5
cassandra,org.apache.cassandra.utils.DynamicList,0.3648648648648649
cassandra,org.apache.cassandra.utils.EstimatedHistogram,0.8069767441860464
cassandra,org.apache.cassandra.utils.GuidGenerator,0.4
cassandra,org.apache.cassandra.utils.HistogramBuilder,0.9722222222222221
cassandra,org.apache.cassandra.utils.IntegerInterval,0.0625
cassandra,org.apache.cassandra.utils.Interval,0.7999999999999999
cassandra,org.apache.cassandra.utils.LongTimSort,0.0049751243781094535
cassandra,org.apache.cassandra.utils.MerkleTree,0.02083333333333334
cassandra,org.apache.cassandra.utils.MurmurHash,0.8974358974358976
cassandra,org.apache.cassandra.utils.ObjectSizes,0.375
cassandra,org.apache.cassandra.utils.OverlapIterator,0.25
cassandra,org.apache.cassandra.utils.RMIServerSocketFactoryImpl,0.75
cassandra,org.apache.cassandra.utils.SlidingTimeRate,0.1
cassandra,org.apache.cassandra.utils.StreamingHistogram,0.8125
cassandra,org.apache.cassandra.utils.SyncUtil,0.07142857142857141
cassandra,org.apache.cassandra.utils.btree.BTree,0.13028169014084506
cassandra,org.apache.cassandra.utils.btree.BTreeRemoval,0.008064516129032256
cassandra,org.apache.cassandra.utils.concurrent.Accumulator,0.605
cassandra,org.apache.cassandra.utils.memory.ContextAllocator,0.125
cassandra,org.apache.cassandra.utils.memory.SlabPool,1.0
cassandra,org.apache.cassandra.utils.obs.OffHeapBitSet,0.14285714285714282
cassandra,org.apache.cassandra.utils.obs.OpenBitSet,0.7231707317073172
cassandra,org.apache.cassandra.utils.progress.ProgressEvent,1.0
cassandra,org.apache.cassandra.utils.progress.jmx.LegacyJMXProgressSupport,0.07142857142857141
cassandra,org.apache.cassandra.utils.vint.VIntCoding,0.375
dagger,dagger.internal.DaggerCollections,0.5
dagger,dagger.internal.DelegateFactory,0.8333333333333333
dagger,dagger.internal.Preconditions,0.7000000000000001
guava,com.google.common.primitives.ImmutableDoubleArray,0.8125
guava,com.google.common.primitives.ImmutableIntArray,0.8478260869565217
guava,com.google.common.primitives.ImmutableLongArray,0.8478260869565217
lang,org.apache.commons.lang3.ArchUtils,0.75
lang,org.apache.commons.lang3.builder.ReflectionDiffBuilder,1.0
lang,org.apache.commons.lang3.concurrent.Memoizer,0.5
lang,org.apache.commons.lang3.time.FastTimeZone,0.5
math,org.apache.commons.math3.analysis.FunctionUtils,1.0
math,org.apache.commons.math3.analysis.differentiation.DSCompiler,0.3581081081081081
math,org.apache.commons.math3.analysis.differentiation.DerivativeStructure,0.014285714285714287
math,org.apache.commons.math3.analysis.differentiation.FiniteDifferencesDifferentiator,0.4285714285714285
math,org.apache.commons.math3.analysis.differentiation.GradientFunction,0.25
math,org.apache.commons.math3.analysis.differentiation.JacobianFunction,0.16666666666666666
math,org.apache.commons.math3.analysis.differentiation.SparseGradient,0.7875
math,org.apache.commons.math3.analysis.function.Gaussian,0.14285714285714282
math,org.apache.commons.math3.analysis.function.Logistic,1.0
math,org.apache.commons.math3.analysis.function.Logit,0.25
math,org.apache.commons.math3.analysis.function.Sinc,0.2307692307692308
math,org.apache.commons.math3.analysis.function.StepFunction,0.857142857142857
math,org.apache.commons.math3.analysis.integration.IterativeLegendreGaussIntegrator,0.25
math,org.apache.commons.math3.analysis.integration.LegendreGaussIntegrator,0.15384615384615385
math,org.apache.commons.math3.analysis.integration.MidPointIntegrator,0.33333333333333337
math,org.apache.commons.math3.analysis.integration.RombergIntegrator,0.33333333333333337
math,org.apache.commons.math3.analysis.integration.SimpsonIntegrator,0.33333333333333337
math,org.apache.commons.math3.analysis.integration.TrapezoidIntegrator,0.28571428571428564
math,org.apache.commons.math3.analysis.integration.gauss.GaussIntegrator,0.75
math,org.apache.commons.math3.analysis.integration.gauss.GaussIntegratorFactory,1.0
math,org.apache.commons.math3.analysis.integration.gauss.HermiteRuleFactory,1.0
math,org.apache.commons.math3.analysis.integration.gauss.LegendreHighPrecisionRuleFactory,1.0
math,org.apache.commons.math3.analysis.integration.gauss.LegendreRuleFactory,1.0
math,org.apache.commons.math3.analysis.integration.gauss.SymmetricGaussIntegrator,0.33333333333333337
math,org.apache.commons.math3.analysis.interpolation.AkimaSplineInterpolator,0.2692307692307692
math,org.apache.commons.math3.analysis.interpolation.BicubicInterpolator,0.75
math,org.apache.commons.math3.analysis.interpolation.BicubicSplineInterpolator,0.4411764705882354
math,org.apache.commons.math3.analysis.interpolation.DividedDifferenceInterpolator,1.0
math,org.apache.commons.math3.analysis.interpolation.HermiteInterpolator,0.857142857142857
math,org.apache.commons.math3.analysis.interpolation.LinearInterpolator,1.0
math,org.apache.commons.math3.analysis.interpolation.LoessInterpolator,0.30769230769230765
math,org.apache.commons.math3.analysis.interpolation.MicrosphereInterpolatingFunction,0.7000000000000001
math,org.apache.commons.math3.analysis.interpolation.MicrosphereInterpolator,1.0
math,org.apache.commons.math3.analysis.interpolation.PiecewiseBicubicSplineInterpolatingFunction,0.4807692307692307
math,org.apache.commons.math3.analysis.interpolation.PiecewiseBicubicSplineInterpolator,0.857142857142857
math,org.apache.commons.math3.analysis.interpolation.SmoothingPolynomialBicubicSplineInterpolator,0.96875
math,org.apache.commons.math3.analysis.interpolation.SplineInterpolator,1.0
math,org.apache.commons.math3.analysis.interpolation.TricubicInterpolator,0.5499999999999999
math,org.apache.commons.math3.analysis.interpolation.TricubicSplineInterpolator,0.2777777777777777
math,org.apache.commons.math3.analysis.interpolation.UnivariatePeriodicInterpolator,1.0
math,org.apache.commons.math3.analysis.polynomials.PolynomialFunction,0.8870967741935483
math,org.apache.commons.math3.analysis.polynomials.PolynomialFunctionLagrangeForm,0.9705882352941176
math,org.apache.commons.math3.analysis.polynomials.PolynomialFunctionNewtonForm,0.8888888888888891
math,org.apache.commons.math3.analysis.polynomials.PolynomialSplineFunction,0.6333333333333332
math,org.apache.commons.math3.analysis.polynomials.PolynomialsUtils,1.0
math,org.apache.commons.math3.analysis.solvers.BracketingNthOrderBrentSolver,0.09090909090909093
math,org.apache.commons.math3.analysis.solvers.UnivariateSolverUtils,0.16176470588235298
math,org.apache.commons.math3.complex.Complex,0.8780219780219782
math,org.apache.commons.math3.complex.ComplexFormat,0.6578947368421053
math,org.apache.commons.math3.complex.ComplexUtils,1.0
math,org.apache.commons.math3.complex.Quaternion,0.84375
math,org.apache.commons.math3.complex.RootsOfUnity,1.0
math,org.apache.commons.math3.dfp.BracketingNthOrderBrentSolverDFP,0.030303030303030293
math,org.apache.commons.math3.dfp.DfpField,0.8478260869565217
math,org.apache.commons.math3.distribution.BinomialDistribution,1.0
math,org.apache.commons.math3.distribution.ConstantRealDistribution,1.0
math,org.apache.commons.math3.distribution.EnumeratedIntegerDistribution,0.9583333333333334
math,org.apache.commons.math3.distribution.KolmogorovSmirnovDistribution,0.25
math,org.apache.commons.math3.distribution.PascalDistribution,1.0
math,org.apache.commons.math3.distribution.fitting.MultivariateNormalMixtureExpectationMaximization,0.2962962962962963
math,org.apache.commons.math3.exception.NonMonotonicSequenceException,1.0
math,org.apache.commons.math3.exception.util.ArgUtils,1.0
math,org.apache.commons.math3.fitting.GaussianCurveFitter,0.5
math,org.apache.commons.math3.fitting.HarmonicCurveFitter,0.5
math,org.apache.commons.math3.fitting.PolynomialCurveFitter,0.5
math,org.apache.commons.math3.fitting.SimpleCurveFitter,0.5
math,org.apache.commons.math3.fitting.leastsquares.LeastSquaresFactory,0.16666666666666669
math,org.apache.commons.math3.fraction.BigFractionFormat,0.9523809523809524
math,org.apache.commons.math3.fraction.Fraction,0.8408163265306122
math,org.apache.commons.math3.fraction.FractionFormat,0.9230769230769232
math,org.apache.commons.math3.fraction.ProperBigFractionFormat,0.7037037037037038
math,org.apache.commons.math3.fraction.ProperFractionFormat,0.8947368421052632
math,org.apache.commons.math3.genetics.BinaryMutation,0.25
math,org.apache.commons.math3.genetics.CycleCrossover,0.04545454545454546
math,org.apache.commons.math3.genetics.ElitisticListPopulation,1.0
math,org.apache.commons.math3.genetics.FixedElapsedTime,1.0
math,org.apache.commons.math3.genetics.FixedGenerationCount,1.0
math,org.apache.commons.math3.genetics.GeneticAlgorithm,0.4444444444444445
math,org.apache.commons.math3.genetics.NPointCrossover,0.1875
math,org.apache.commons.math3.genetics.OnePointCrossover,0.1
math,org.apache.commons.math3.genetics.OrderedCrossover,0.07142857142857141
math,org.apache.commons.math3.genetics.RandomKeyMutation,0.5
math,org.apache.commons.math3.genetics.UniformCrossover,0.35714285714285715
math,org.apache.commons.math3.geometry.euclidean.oned.Interval,1.0
math,org.apache.commons.math3.geometry.euclidean.oned.IntervalsSet,0.8108695652173912
math,org.apache.commons.math3.geometry.euclidean.oned.OrientedPoint,0.6666666666666667
math,org.apache.commons.math3.geometry.euclidean.oned.Vector1D,0.75
math,org.apache.commons.math3.geometry.euclidean.oned.Vector1DFormat,0.75
math,org.apache.commons.math3.geometry.euclidean.threed.CardanEulerSingularityException,1.0
math,org.apache.commons.math3.geometry.euclidean.threed.PolyhedronsSet,0.1276595744680851
math,org.apache.commons.math3.geometry.euclidean.threed.Rotation,0.4
math,org.apache.commons.math3.geometry.euclidean.threed.SphereGenerator,0.125
math,org.apache.commons.math3.geometry.euclidean.threed.SphericalCoordinates,0.75
math,org.apache.commons.math3.geometry.euclidean.threed.Vector3D,0.7782608695652173
math,org.apache.commons.math3.geometry.euclidean.threed.Vector3DFormat,0.75
math,org.apache.commons.math3.geometry.euclidean.twod.DiskGenerator,0.16666666666666669
math,org.apache.commons.math3.geometry.euclidean.twod.PolygonsSet,0.3468208092485549
math,org.apache.commons.math3.geometry.euclidean.twod.Vector2D,0.8529411764705881
math,org.apache.commons.math3.geometry.euclidean.twod.Vector2DFormat,0.75
math,org.apache.commons.math3.geometry.euclidean.twod.hull.AklToussaintHeuristic,0.04545454545454546
math,org.apache.commons.math3.geometry.euclidean.twod.hull.ConvexHull2D,0.2
math,org.apache.commons.math3.geometry.euclidean.twod.hull.MonotoneChain,0.03125
math,org.apache.commons.math3.geometry.partitioning.utilities.AVLTree,0.16666666666666669
math,org.apache.commons.math3.geometry.partitioning.utilities.OrderedTuple,0.6382978723404255
math,org.apache.commons.math3.geometry.spherical.oned.Arc,0.95
math,org.apache.commons.math3.geometry.spherical.oned.ArcsSet,0.4107142857142857
math,org.apache.commons.math3.geometry.spherical.oned.LimitAngle,0.6666666666666667
math,org.apache.commons.math3.geometry.spherical.oned.S1Point,0.7999999999999999
math,org.apache.commons.math3.geometry.spherical.twod.S2Point,0.8499999999999999
math,org.apache.commons.math3.geometry.spherical.twod.SphericalPolygonsSet,0.10975609756097562
math,org.apache.commons.math3.linear.Array2DRowRealMatrix,0.6729166666666667
math,org.apache.commons.math3.linear.BlockRealMatrix,0.6021582733812949
math,org.apache.commons.math3.linear.DefaultIterativeLinearSolverEvent,0.5
math,org.apache.commons.math3.linear.DiagonalMatrix,0.7447368421052631
math,org.apache.commons.math3.linear.EigenDecomposition,0.3841463414634147
math,org.apache.commons.math3.linear.JacobiPreconditioner,0.5
math,org.apache.commons.math3.linear.MatrixUtils,0.6772151898734177
math,org.apache.commons.math3.linear.OpenMapRealMatrix,0.5833333333333333
math,org.apache.commons.math3.linear.RealMatrixFormat,0.40909090909090906
math,org.apache.commons.math3.linear.RealVectorFormat,0.3636363636363637
math,org.apache.commons.math3.ml.clustering.DoublePoint,1.0
math,org.apache.commons.math3.ml.distance.CanberraDistance,1.0
math,org.apache.commons.math3.ml.distance.EarthMoversDistance,1.0
math,org.apache.commons.math3.ml.neuralnet.Network,0.3431818181818182
math,org.apache.commons.math3.ml.neuralnet.oned.NeuronString,0.7272727272727274
math,org.apache.commons.math3.ml.neuralnet.sofm.LearningFactorFunctionFactory,0.875
math,org.apache.commons.math3.ml.neuralnet.sofm.util.ExponentialDecayFunction,1.0
math,org.apache.commons.math3.ml.neuralnet.sofm.util.QuasiSigmoidDecayFunction,1.0
math,org.apache.commons.math3.ml.neuralnet.twod.NeuronSquareMesh2D,0.09243697478991596
math,org.apache.commons.math3.ode.ContinuousOutputModel,0.041666666666666664
math,org.apache.commons.math3.ode.EquationsMapper,1.0
math,org.apache.commons.math3.ode.events.EventState,0.05882352941176471
math,org.apache.commons.math3.ode.nonstiff.AdamsNordsieckTransformer,1.0
math,org.apache.commons.math3.ode.nonstiff.GraggBulirschStoerIntegrator,0.22521367521367525
math,org.apache.commons.math3.ode.sampling.NordsieckStepInterpolator,0.13157894736842105
math,org.apache.commons.math3.ode.sampling.StepNormalizer,0.029411764705882363
math,org.apache.commons.math3.optim.MaxEval,1.0
math,org.apache.commons.math3.optim.MaxIter,1.0
math,org.apache.commons.math3.optim.linear.LinearConstraintSet,1.0
math,org.apache.commons.math3.optim.linear.SolutionCallback,0.5
math,org.apache.commons.math3.optim.nonlinear.scalar.gradient.NonLinearConjugateGradientOptimizer,0.06060606060606059
math,org.apache.commons.math3.optim.univariate.SearchInterval,1.0
math,org.apache.commons.math3.optimization.LeastSquaresConverter,0.11111111111111112
math,org.apache.commons.math3.optimization.PointValuePair,1.0
math,org.apache.commons.math3.optimization.PointVectorValuePair,1.0
math,org.apache.commons.math3.optimization.SimpleValueChecker,0.5999999999999999
math,org.apache.commons.math3.optimization.SimpleVectorValueChecker,0.5
math,org.apache.commons.math3.optimization.Weight,0.5
math,org.apache.commons.math3.optimization.direct.BOBYQAOptimizer,0.049679487179487176
math,org.apache.commons.math3.optimization.direct.CMAESOptimizer,0.06944444444444442
math,org.apache.commons.math3.optimization.direct.MultiDirectionalSimplex,0.375
math,org.apache.commons.math3.optimization.direct.MultivariateFunctionMappingAdapter,0.7777777777777778
math,org.apache.commons.math3.optimization.direct.MultivariateFunctionPenaltyAdapter,0.95
math,org.apache.commons.math3.optimization.direct.NelderMeadSimplex,0.25
math,org.apache.commons.math3.optimization.direct.PowellOptimizer,0.1875
math,org.apache.commons.math3.optimization.direct.SimplexOptimizer,0.22222222222222227
math,org.apache.commons.math3.optimization.linear.LinearObjectiveFunction,0.875
math,org.apache.commons.math3.optimization.univariate.BracketFinder,0.10869565217391304
math,org.apache.commons.math3.optimization.univariate.BrentOptimizer,0.054054054054054064
math,org.apache.commons.math3.optimization.univariate.SimpleUnivariateValueChecker,0.5999999999999999
math,org.apache.commons.math3.primes.Primes,0.8461538461538459
math,org.apache.commons.math3.random.HaltonSequenceGenerator,1.0
math,org.apache.commons.math3.random.RandomAdaptor,1.0
math,org.apache.commons.math3.random.RandomGeneratorFactory,1.0
math,org.apache.commons.math3.random.SobolSequenceGenerator,0.8333333333333333
math,org.apache.commons.math3.random.StableRandomGenerator,0.04166666666666667
math,org.apache.commons.math3.random.UncorrelatedRandomVectorGenerator,1.0
math,org.apache.commons.math3.random.UnitSphereRandomVectorGenerator,1.0
math,org.apache.commons.math3.random.ValueServer,0.44
math,org.apache.commons.math3.special.BesselJ,0.9621212121212122
math,org.apache.commons.math3.special.Beta,0.6022727272727273
math,org.apache.commons.math3.special.Erf,0.9642857142857142
math,org.apache.commons.math3.special.Gamma,0.9777777777777776
math,org.apache.commons.math3.stat.Frequency,0.767857142857143
math,org.apache.commons.math3.stat.StatUtils,0.9000000000000001
math,org.apache.commons.math3.stat.clustering.EuclideanDoublePoint,1.0
math,org.apache.commons.math3.stat.clustering.EuclideanIntegerPoint,1.0
math,org.apache.commons.math3.stat.correlation.Covariance,0.875
math,org.apache.commons.math3.stat.correlation.KendallsCorrelation,1.0
math,org.apache.commons.math3.stat.correlation.PearsonsCorrelation,0.9333333333333332
math,org.apache.commons.math3.stat.correlation.SpearmansCorrelation,0.375
math,org.apache.commons.math3.stat.correlation.StorelessCovariance,0.8181818181818182
math,org.apache.commons.math3.stat.descriptive.AggregateSummaryStatistics,0.375
math,org.apache.commons.math3.stat.descriptive.StatisticalSummaryValues,0.75
math,org.apache.commons.math3.stat.descriptive.moment.Kurtosis,0.75
math,org.apache.commons.math3.stat.descriptive.moment.Mean,0.5
math,org.apache.commons.math3.stat.descriptive.moment.SecondMoment,1.0
math,org.apache.commons.math3.stat.descriptive.moment.SemiVariance,1.0
math,org.apache.commons.math3.stat.descriptive.moment.Skewness,0.8125
math,org.apache.commons.math3.stat.descriptive.moment.VectorialCovariance,0.5
math,org.apache.commons.math3.stat.descriptive.moment.VectorialMean,0.9375
math,org.apache.commons.math3.stat.descriptive.rank.PSquarePercentile,0.7354166666666667
math,org.apache.commons.math3.stat.descriptive.rank.Percentile,0.5777777777777776
math,org.apache.commons.math3.stat.descriptive.summary.Product,0.375
math,org.apache.commons.math3.stat.descriptive.summary.Sum,0.375
math,org.apache.commons.math3.stat.descriptive.summary.SumOfLogs,0.75
math,org.apache.commons.math3.stat.descriptive.summary.SumOfSquares,0.75
math,org.apache.commons.math3.stat.inference.BinomialTest,0.42307692307692296
math,org.apache.commons.math3.stat.inference.ChiSquareTest,0.84375
math,org.apache.commons.math3.stat.inference.GTest,0.9107142857142858
math,org.apache.commons.math3.stat.inference.MannWhitneyUTest,0.9000000000000001
math,org.apache.commons.math3.stat.inference.OneWayAnova,0.35000000000000003
math,org.apache.commons.math3.stat.inference.TTest,0.5416666666666667
math,org.apache.commons.math3.stat.inference.WilcoxonSignedRankTest,0.9166666666666666
math,org.apache.commons.math3.stat.interval.ConfidenceInterval,0.8333333333333333
math,org.apache.commons.math3.stat.interval.IntervalUtils,0.9000000000000001
math,org.apache.commons.math3.stat.ranking.NaturalRanking,0.375
math,org.apache.commons.math3.stat.regression.GLSMultipleLinearRegression,0.5
math,org.apache.commons.math3.stat.regression.MillerUpdatingRegression,0.3175182481751824
math,org.apache.commons.math3.stat.regression.OLSMultipleLinearRegression,1.0
math,org.apache.commons.math3.stat.regression.RegressionResults,0.8482758620689654
math,org.apache.commons.math3.stat.regression.SimpleRegression,0.8274193548387097
math,org.apache.commons.math3.transform.FastCosineTransformer,0.5714285714285713
math,org.apache.commons.math3.transform.FastFourierTransformer,0.5079365079365079
math,org.apache.commons.math3.transform.FastHadamardTransformer,0.9444444444444444
math,org.apache.commons.math3.transform.FastSineTransformer,0.7857142857142857
math,org.apache.commons.math3.transform.TransformUtils,0.7857142857142857
math,org.apache.commons.math3.util.ArithmeticUtils,0.8066666666666666
math,org.apache.commons.math3.util.BigReal,0.75
math,org.apache.commons.math3.util.Combinations,0.8333333333333333
math,org.apache.commons.math3.util.CombinatoricsUtils,0.8673469387755102
math,org.apache.commons.math3.util.Decimal64,0.6714285714285716
math,org.apache.commons.math3.util.DefaultTransformer,0.8333333333333333
math,org.apache.commons.math3.util.Incrementor,1.0
math,org.apache.commons.math3.util.IterationManager,1.0
math,org.apache.commons.math3.util.KthSelector,0.07894736842105264
math,org.apache.commons.math3.util.MedianOf3PivotingStrategy,0.4
math,org.apache.commons.math3.util.MultidimensionalCounter,0.9583333333333334
math,org.apache.commons.math3.util.OpenIntToDoubleHashMap,0.7779411764705882
math,org.apache.commons.math3.util.Pair,0.4500000000000001
math,org.apache.commons.math3.util.Precision,0.7900763358778626
math,org.apache.commons.math3.util.TransformerMap,0.5
time,org.joda.time.DateMidnight,0.67
time,org.joda.time.DateTimeComparator,0.6666666666666667
time,org.joda.time.Days,0.8692307692307694
time,org.joda.time.Duration,0.9411764705882352
time,org.joda.time.Hours,0.875
time,org.joda.time.IllegalFieldValueException,0.75
time,org.joda.time.IllegalInstantException,0.25
time,org.joda.time.LocalDate,0.5580645161290322
time,org.joda.time.Minutes,0.857142857142857
time,org.joda.time.MonthDay,0.5161290322580644
time,org.joda.time.Months,0.8613636363636363
time,org.joda.time.MutablePeriod,0.5
time,org.joda.time.Partial,0.2241379310344827
time,org.joda.time.Period,0.715625
time,org.joda.time.PeriodType,0.8471153846153845
time,org.joda.time.Seconds,0.8285714285714285
time,org.joda.time.Weeks,0.8285714285714285
time,org.joda.time.YearMonth,0.5161290322580644
time,org.joda.time.YearMonthDay,0.5416666666666667
time,org.joda.time.Years,0.7714285714285715
time,org.joda.time.chrono.BuddhistChronology,0.7999999999999999
time,org.joda.time.chrono.CopticChronology,0.5333333333333333
time,org.joda.time.chrono.EthiopicChronology,0.5714285714285713
time,org.joda.time.chrono.GJChronology,0.6724137931034483
time,org.joda.time.chrono.GregorianChronology,0.78125
time,org.joda.time.chrono.ISOChronology,0.8888888888888891
time,org.joda.time.chrono.IslamicChronology,0.4606060606060606
time,org.joda.time.chrono.JulianChronology,0.6875
time,org.joda.time.chrono.LenientChronology,0.0625
time,org.joda.time.chrono.LimitChronology,0.015625
time,org.joda.time.chrono.StrictChronology,0.0625
time,org.joda.time.chrono.ZonedChronology,0.02
time,org.joda.time.field.DelegatedDateTimeField,0.16666666666666669
time,org.joda.time.field.FieldUtils,0.7575000000000001
time,org.joda.time.field.LenientDateTimeField,0.16666666666666669
time,org.joda.time.field.OffsetDateTimeField,0.125
time,org.joda.time.field.StrictDateTimeField,0.16666666666666669
time,org.joda.time.field.UnsupportedDateTimeField,0.25
time,org.joda.time.format.DateTimeFormat,0.17692307692307693
time,org.joda.time.format.DateTimeFormatter,0.20512820512820512
time,org.joda.time.format.DateTimeFormatterBuilder,0.7273504273504273
time,org.joda.time.format.DateTimeParserBucket,0.4
time,org.joda.time.format.FormatUtils,0.431372549019608
time,org.joda.time.format.ISODateTimeFormat,0.02083333333333334
time,org.joda.time.format.ISOPeriodFormat,0.5
time,org.joda.time.format.PeriodFormat,0.2307692307692308
time,org.joda.time.format.PeriodFormatter,0.27272727272727265
time,org.joda.time.format.PeriodFormatterBuilder,0.8165048543689319
time,org.joda.time.tz.DateTimeZoneBuilder,0.2625000000000001
time,org.joda.time.tz.DefaultNameProvider,0.08333333333333334
time,org.joda.time.tz.UTCProvider,0.5
time,org.joda.time.tz.ZoneInfoCompiler,0.06857142857142859
time,org.joda.time.tz.ZoneInfoProvider,0.4249999999999999
ivy,org.apache.ivy.Ivy14,0.875
ivy,org.apache.ivy.ant.AntBuildTrigger,0.11111111111111112
ivy,org.apache.ivy.ant.AntCallTrigger,0.21428571428571427
ivy,org.apache.ivy.ant.BuildOBRTask,0.05882352941176471
ivy,org.apache.ivy.ant.ConvertManifestTask,0.16666666666666666
ivy,org.apache.ivy.ant.IvyAntSettings,0.13793103448275862
ivy,org.apache.ivy.ant.IvyBuildList,0.0576923076923077
ivy,org.apache.ivy.ant.IvyBuildNumber,0.036585365853658534
ivy,org.apache.ivy.ant.IvyCacheFileset,0.07692307692307693
ivy,org.apache.ivy.ant.IvyConfigure,0.25
ivy,org.apache.ivy.ant.IvyConvertPom,0.25
ivy,org.apache.ivy.ant.IvyFindRevision,0.3
ivy,org.apache.ivy.ant.IvyListModules,0.1875
ivy,org.apache.ivy.ant.IvyMakePom,0.0625
ivy,org.apache.ivy.ant.IvyPublish,0.05555555555555556
ivy,org.apache.ivy.ant.IvyRepositoryReport,0.0625
ivy,org.apache.ivy.ant.IvyResolve,0.054054054054054064
ivy,org.apache.ivy.ant.IvyRetrieve,0.2
ivy,org.apache.ivy.core.IvyPatternHelper,0.6837606837606838
ivy,org.apache.ivy.core.cache.ArtifactOrigin,0.09375
ivy,org.apache.ivy.core.cache.CacheUtil,0.5
ivy,org.apache.ivy.core.cache.DefaultRepositoryCacheManager,0.08275862068965517
ivy,org.apache.ivy.core.event.EventManager,0.7857142857142857
ivy,org.apache.ivy.core.event.IvyEventFilter,0.375
ivy,org.apache.ivy.core.install.InstallOptions,1.0
ivy,org.apache.ivy.core.module.descriptor.Configuration,0.4117647058823529
ivy,org.apache.ivy.core.module.descriptor.ConfigurationGroup,0.3333333333333333
ivy,org.apache.ivy.core.module.descriptor.ConfigurationIntersection,0.3333333333333333
ivy,org.apache.ivy.core.module.descriptor.DefaultArtifact,0.25
ivy,org.apache.ivy.core.module.descriptor.DefaultExtendsDescriptor,0.5555555555555556
ivy,org.apache.ivy.core.module.descriptor.DefaultModuleDescriptor,0.37875
ivy,org.apache.ivy.core.module.descriptor.MDArtifact,0.125
ivy,org.apache.ivy.core.module.id.MatcherLookup,0.03125
ivy,org.apache.ivy.core.module.id.ModuleId,0.7142857142857143
ivy,org.apache.ivy.core.module.id.ModuleRevisionId,0.7878787878787878
ivy,org.apache.ivy.core.module.id.ModuleRules,0.14285714285714285
ivy,org.apache.ivy.core.pack.Pack200Packing,0.25
ivy,org.apache.ivy.core.pack.PackingRegistry,1.0
ivy,org.apache.ivy.core.pack.ZipPacking,0.22222222222222224
ivy,org.apache.ivy.core.report.ArtifactDownloadReport,0.5
ivy,org.apache.ivy.core.report.ConfigurationResolveReport,0.3055555555555556
ivy,org.apache.ivy.core.report.DownloadReport,0.25
ivy,org.apache.ivy.core.report.DownloadStatus,1.0
ivy,org.apache.ivy.core.report.ResolveReport,0.2127659574468085
ivy,org.apache.ivy.core.repository.RepositoryManagementEngine,0.05555555555555556
ivy,org.apache.ivy.core.resolve.IvyNodeCallers,0.07142857142857142
ivy,org.apache.ivy.core.resolve.IvyNodeEviction,0.01388888888888889
ivy,org.apache.ivy.core.resolve.IvyNodeUsage,0.06666666666666668
ivy,org.apache.ivy.core.resolve.ResolveData,0.10714285714285714
ivy,org.apache.ivy.core.resolve.ResolveEngine,0.006802721088435373
ivy,org.apache.ivy.core.resolve.ResolveOptions,0.75
ivy,org.apache.ivy.core.resolve.VisitData,1.0
ivy,org.apache.ivy.core.retrieve.RetrieveOptions,0.5
ivy,org.apache.ivy.core.settings.IvySettings,0.5876288659793815
ivy,org.apache.ivy.core.settings.IvyVariableContainerImpl,0.75
ivy,org.apache.ivy.core.settings.XmlSettingsParser,0.03260869565217391
ivy,org.apache.ivy.core.sort.ModuleDescriptorSorter,0.1
ivy,org.apache.ivy.core.sort.SortEngine,0.08333333333333333
ivy,org.apache.ivy.osgi.core.BundleCapability,0.4583333333333333
ivy,org.apache.ivy.osgi.core.BundleInfo,0.5106382978723404
ivy,org.apache.ivy.osgi.core.BundleInfoAdapter,0.022727272727272728
ivy,org.apache.ivy.osgi.core.BundleRequirement,0.4047619047619048
ivy,org.apache.ivy.osgi.core.ExecutionEnvironmentProfile,0.4545454545454545
ivy,org.apache.ivy.osgi.core.ExecutionEnvironmentProfileProvider,0.9090909090909092
ivy,org.apache.ivy.osgi.core.ExportPackage,0.5714285714285714
ivy,org.apache.ivy.osgi.core.ManifestHeaderElement,0.8928571428571429
ivy,org.apache.ivy.osgi.core.ManifestHeaderValue,0.625
ivy,org.apache.ivy.osgi.core.ManifestParser,0.09523809523809523
ivy,org.apache.ivy.osgi.core.OSGiManifestParser,0.2
ivy,org.apache.ivy.osgi.obr.OBRResolver,0.3333333333333333
ivy,org.apache.ivy.osgi.obr.xml.Capability,1.0
ivy,org.apache.ivy.osgi.obr.xml.CapabilityProperty,0.5
ivy,org.apache.ivy.osgi.obr.xml.OBRXMLWriter,0.0625
ivy,org.apache.ivy.osgi.p2.P2Descriptor,0.0625
ivy,org.apache.ivy.osgi.repo.AggregatedOSGiResolver,1.0
ivy,org.apache.ivy.osgi.repo.AggregatedRepoDescriptor,0.75
ivy,org.apache.ivy.osgi.repo.ArtifactReportManifestIterable,0.25
ivy,org.apache.ivy.osgi.repo.EditableRepoDescriptor,0.2777777777777778
ivy,org.apache.ivy.osgi.repo.ModuleDescriptorWrapper,0.21428571428571427
ivy,org.apache.ivy.osgi.repo.RelativeURLRepository,0.16666666666666666
ivy,org.apache.ivy.osgi.updatesite.UpdateSiteLoader,0.015151515151515154
ivy,org.apache.ivy.osgi.updatesite.UpdateSiteResolver,0.55
ivy,org.apache.ivy.osgi.util.DelegatingHandler,0.5384615384615384
ivy,org.apache.ivy.osgi.util.ParseUtil,0.5833333333333334
ivy,org.apache.ivy.osgi.util.Version,0.8064516129032258
ivy,org.apache.ivy.osgi.util.VersionRange,0.4516129032258064
ivy,org.apache.ivy.plugins.circular.CircularDependencyHelper,0.375
ivy,org.apache.ivy.plugins.conflict.FixedConflictManager,0.25
ivy,org.apache.ivy.plugins.conflict.LatestConflictManager,0.09375
ivy,org.apache.ivy.plugins.conflict.RegexpConflictManager,0.05
ivy,org.apache.ivy.plugins.latest.LatestRevisionStrategy,1.0
ivy,org.apache.ivy.plugins.matcher.AnyMatcher,0.5
ivy,org.apache.ivy.plugins.matcher.NoMatcher,0.5
ivy,org.apache.ivy.plugins.namespace.MRIDRule,1.0
ivy,org.apache.ivy.plugins.namespace.MRIDTransformationRule,0.5
ivy,org.apache.ivy.plugins.namespace.NamespaceRule,0.5
ivy,org.apache.ivy.plugins.parser.ModuleDescriptorParserRegistry,0.1
ivy,org.apache.ivy.plugins.parser.m2.PomModuleDescriptorParser,0.011627906976744186
ivy,org.apache.ivy.plugins.parser.m2.PomWriterOptions,0.5
ivy,org.apache.ivy.plugins.parser.xml.UpdateOptions,0.5
ivy,org.apache.ivy.plugins.parser.xml.XmlModuleDescriptorParser,0.3333333333333333
ivy,org.apache.ivy.plugins.report.LogReportOutputter,0.020833333333333332
ivy,org.apache.ivy.plugins.repository.RepositoryCopyProgressListener,0.5
ivy,org.apache.ivy.plugins.repository.ResourceHelper,0.14285714285714285
ivy,org.apache.ivy.plugins.repository.TransferEvent,0.22222222222222224
ivy,org.apache.ivy.plugins.repository.file.FileRepository,0.3636363636363637
ivy,org.apache.ivy.plugins.repository.sftp.SFTPResource,0.5
ivy,org.apache.ivy.plugins.repository.ssh.SshResource,1.0
ivy,org.apache.ivy.plugins.repository.url.URLRepository,0.14285714285714285
ivy,org.apache.ivy.plugins.repository.url.URLResource,0.375
ivy,org.apache.ivy.plugins.repository.vsftp.VsftpRepository,0.10714285714285714
ivy,org.apache.ivy.plugins.resolver.BintrayResolver,0.8571428571428571
ivy,org.apache.ivy.plugins.resolver.CacheResolver,0.045454545454545456
ivy,org.apache.ivy.plugins.resolver.ChainResolver,0.32926829268292684
ivy,org.apache.ivy.plugins.resolver.DualResolver,0.50625
ivy,org.apache.ivy.plugins.resolver.FileSystemResolver,0.3269230769230769
ivy,org.apache.ivy.plugins.resolver.IBiblioResolver,0.1796875
ivy,org.apache.ivy.plugins.resolver.IvyRepResolver,0.3333333333333333
ivy,org.apache.ivy.plugins.resolver.JarResolver,0.1
ivy,org.apache.ivy.plugins.resolver.RepositoryResolver,0.11666666666666667
ivy,org.apache.ivy.plugins.resolver.VfsResolver,0.25
ivy,org.apache.ivy.plugins.resolver.packager.PackagerResolver,0.2307692307692308
ivy,org.apache.ivy.plugins.version.ChainVersionMatcher,0.029411764705882363
ivy,org.apache.ivy.plugins.version.PatternVersionMatcher,0.1875
ivy,org.apache.ivy.plugins.version.VersionRangeMatcher,0.05882352941176471
ivy,org.apache.ivy.util.Checks,0.5
ivy,org.apache.ivy.util.ChecksumHelper,0.19230769230769232
ivy,org.apache.ivy.util.ConfigurationUtils,0.40909090909090906
ivy,org.apache.ivy.util.Configurator,0.4893617021276596
ivy,org.apache.ivy.util.Credentials,0.8333333333333334
ivy,org.apache.ivy.util.CredentialsUtil,0.03571428571428571
ivy,org.apache.ivy.util.DefaultMessageLogger,1.0
ivy,org.apache.ivy.util.EncrytedProperties,1.0
ivy,org.apache.ivy.util.FileUtil,0.28
ivy,org.apache.ivy.util.HexEncoder,1.0
ivy,org.apache.ivy.util.HostUtil,0.5
ivy,org.apache.ivy.util.Message,0.6666666666666666
ivy,org.apache.ivy.util.StringUtils,0.5
ivy,org.apache.ivy.util.cli.CommandLine,0.3333333333333333
ivy,org.apache.ivy.util.cli.CommandLineParser,0.125
ivy,org.apache.ivy.util.extendable.UnmodifiableExtendableItem,0.6
ivy,org.apache.ivy.util.filter.FilterHelper,0.5555555555555556
ivy,org.apache.ivy.util.url.IvyAuthenticator,0.2083333333333333
ivy,org.apache.ivy.util.url.URLHandlerDispatcher,1.0
